model_foldername,study,loss,vali_loss,test_loss
9_model,0.0,1.0447867,1.240983,1.2862999
10_model,0.0,1.1274134,1.280128,1.1268706
8_model,0.0,1.0635082,1.2959483,1.2028921
7_model,0.0,0.890904,1.3232268,0.9986774
3_model,0.0,0.8844677,1.3426883,1.066919
2_model,0.0,0.9786327,1.3800273,1.1669903
1_model,0.0,0.947126,1.3864766,1.1622632
4_model,0.0,0.8985696,1.3923056,1.1535062
5_model,0.0,0.9686463,1.3965529,1.0805731
6_model,0.0,0.9476567,1.4338386,1.0071316
