model_foldername,study,loss,vali_loss,test_loss
10_model,0.0,3.5002949,3.2325077,3.5084548
9_model,0.0,3.5002942,3.2325084,3.5084534
3_model,0.0,3.5002947,3.2325087,3.5084534
7_model,0.0,3.5002935,3.2325089,3.5084522
5_model,0.0,3.5002947,3.2325099,3.5084512
2_model,0.0,3.5002954,3.2325099,3.5084505
8_model,0.0,3.5002899,3.2325108,3.5084491
6_model,0.0,3.5002899,3.2325108,3.5084491
1_model,0.0,3.5002899,3.2325108,3.5084491
4_model,0.0,3.5002892,3.2325115,3.5084469
