model_foldername,study,loss,vali_loss,test_loss
1_model,0.0,3.5023432,3.2323852,3.5114791
7_model,0.0,3.5016735,3.2323968,3.5105817
2_model,0.0,3.5023062,3.2323978,3.5112886
6_model,0.0,3.5023088,3.2324045,3.5111685
10_model,0.0,3.5023315,3.2324045,3.5114737
8_model,0.0,3.5016792,3.2324107,3.5104339
5_model,0.0,3.5017521,3.2324281,3.5104694
3_model,0.0,3.50243,3.2324314,3.5113604
4_model,0.0,3.5016811,3.232435,3.5104365
9_model,0.0,3.5024316,3.232439,3.5113618
