model_foldername,study,loss,vali_loss,test_loss
1_model,0.0,0.9604189,1.1446885,1.1677463
3_model,0.0,0.9344608,1.1745186,1.0342594
2_model,0.0,1.0536346,1.4518949,1.3527975
