model_foldername,study,loss,vali_loss,test_loss,model_foldername,train_R_square,train_MAE,train_MAPE,train_RMS,valid_R_square,valid_MAE,valid_MAPE,valid_RMS,test_R_square,test_MAE,test_MAPE,test_RMS
1_model,0.0,0.9604189,1.1446885,1.1677463,1_model,0.9054151988171666,0.9164440631866455,58.78990173339844,1.8056752681732178,0.9155616057929957,1.1446881294250488,57.47121047973633,2.150716781616211,0.8669512141601613,1.1677461862564087,71.67447662353516,2.228691577911377
3_model,0.0,0.9344608,1.1745186,1.0342594,3_model,0.9215557597479392,0.7779812812805176,88.28872680664062,1.6444077491760254,0.9315931052250994,1.174515724182129,101.94258880615234,1.9358121156692505,0.911503954564492,1.0342581272125244,154.60305786132812,1.8176339864730835
2_model,0.0,1.0536346,1.4518949,1.3527975,2_model,0.9090957099055568,0.9702199101448059,86.83958435058594,1.7701952457427979,0.8151658273815573,1.4518964290618896,76.08722686767578,3.1820309162139893,0.8031744667550013,1.3527991771697998,92.71186065673828,2.710723638534546
