model_foldername,study,loss,vali_loss,test_loss
1_model,0.0,3.5002937,3.2325089,3.5084531
8_model,0.0,3.5002899,3.2325108,3.5084491
5_model,0.0,3.5002935,3.2325115,3.5084476
7_model,0.0,3.5002935,3.2325125,3.5084457
6_model,0.0,3.5002956,3.2325134,3.5084441
9_model,0.0,3.5002933,3.2325137,3.5084434
3_model,0.0,3.5002933,3.2325137,3.5084434
2_model,0.0,3.5002897,3.2325139,3.5084424
10_model,0.0,3.5002909,3.2325156,3.5084395
4_model,0.0,3.5002902,3.2325158,3.5084388
