model_foldername,study,loss,vali_loss,test_loss
6_model,0.0,3.5002947,3.2325077,3.5084541
8_model,0.0,3.5002949,3.2325077,3.5084541
9_model,0.0,3.5002949,3.2325115,3.5084481
7_model,0.0,3.5002897,3.2325118,3.5084474
10_model,0.0,3.5002897,3.232512,3.5084469
1_model,0.0,3.5002935,3.232512,3.5084467
5_model,0.0,3.5002937,3.232513,3.5084453
3_model,0.0,3.5002897,3.2325132,3.5084448
2_model,0.0,3.5002897,3.2325134,3.5084438
4_model,0.0,3.5002897,3.2325134,3.5084438
