model_foldername,study,loss,vali_loss,test_loss
7_model,0.0,1.0448852,1.1590675,0.9800572
3_model,0.0,1.1239514,1.248051,1.1159581
2_model,0.0,1.1471947,1.2580119,1.1062378
5_model,0.0,1.177502,1.276505,1.1005248
10_model,0.0,1.196749,1.2927653,1.1462374
1_model,0.0,1.1415534,1.2936337,1.1612512
9_model,0.0,1.0742732,1.2983675,1.2251348
6_model,0.0,1.1264626,1.3401397,1.1972605
4_model,0.0,1.1163797,1.3602595,1.216287
8_model,0.0,1.1050677,1.3684896,1.1578145
