model_foldername,study,loss,vali_loss,test_loss
4_model,0.0,0.8568161,1.0118973,1.1792173
5_model,0.0,0.8685644,1.0187031,1.1354014
9_model,0.0,0.8508966,1.0294491,1.1362523
7_model,0.0,0.9214355,1.0381489,1.1398731
3_model,0.0,0.8789506,1.0412885,1.1899921
2_model,0.0,0.8522562,1.0438941,1.165809
6_model,0.0,0.9826398,1.045683,1.1456747
1_model,0.0,0.8615998,1.0509928,1.1427605
10_model,0.0,0.8813591,1.0603611,1.1559023
8_model,0.0,0.8777831,1.0840122,1.1206416
