model_foldername,study,loss,vali_loss,test_loss
4_model,0.0,3.5002825,3.2325096,3.5084295
2_model,0.0,3.5002933,3.2325101,3.5084505
7_model,0.0,3.5002937,3.2325101,3.5084505
8_model,0.0,3.5002897,3.2325103,3.5084503
3_model,0.0,3.5002947,3.2325108,3.5084491
9_model,0.0,3.5002933,3.232511,3.5084486
10_model,0.0,3.5002897,3.232513,3.5084453
1_model,0.0,3.5002897,3.232513,3.5084453
5_model,0.0,3.5002892,3.2325134,3.5084438
6_model,0.0,3.5002897,3.2325144,3.5084424
